,date,new_confirmed,new_deceased,cumulative_confirmed,cumulative_deceased
0,2020-01-01,0.0,0.0,0.0,0.0
1,2020-01-02,0.0,0.0,0.0,0.0
2,2020-01-03,0.0,0.0,0.0,0.0
3,2020-01-04,0.0,0.0,0.0,0.0
4,2020-01-05,0.0,0.0,0.0,0.0
5,2020-01-06,0.0,0.0,0.0,0.0
6,2020-01-07,0.0,0.0,0.0,0.0
7,2020-01-08,0.0,0.0,0.0,0.0
8,2020-01-09,0.0,0.0,0.0,0.0
9,2020-01-10,0.0,0.0,0.0,0.0
10,2020-01-11,0.0,0.0,0.0,0.0
11,2020-01-12,0.0,0.0,0.0,0.0
12,2020-01-13,0.0,0.0,0.0,0.0
13,2020-01-14,0.0,0.0,0.0,0.0
14,2020-01-15,0.0,0.0,0.0,0.0
15,2020-01-16,0.0,0.0,0.0,0.0
16,2020-01-17,0.0,0.0,0.0,0.0
17,2020-01-18,1.0,0.0,1.0,0.0
18,2020-01-19,0.0,0.0,1.0,0.0
19,2020-01-20,0.0,0.0,1.0,0.0
20,2020-01-21,0.0,0.0,1.0,0.0
21,2020-01-22,4.0,0.0,4.0,0.0
22,2020-01-23,2.0,0.0,6.0,0.0
23,2020-01-24,1.0,0.0,7.0,0.0
24,2020-01-25,0.0,0.0,7.0,0.0
25,2020-01-26,1.0,0.0,8.0,0.0
26,2020-01-27,0.0,0.0,8.0,0.0
27,2020-01-28,0.0,0.0,8.0,0.0
28,2020-01-29,0.0,0.0,8.0,0.0
29,2020-01-30,0.0,0.0,8.0,0.0
30,2020-01-31,1.0,0.0,9.0,0.0
31,2020-02-01,1.0,0.0,10.0,0.0
32,2020-02-02,3.0,0.0,13.0,0.0
33,2020-02-03,4.0,0.0,17.0,0.0
34,2020-02-04,2.0,0.0,19.0,0.0
35,2020-02-05,0.0,0.0,19.0,0.0
36,2020-02-06,0.0,0.0,19.0,0.0
37,2020-02-07,1.0,0.0,20.0,0.0
38,2020-02-08,0.0,0.0,20.0,0.0
39,2020-02-09,0.0,0.0,20.0,0.0
40,2020-02-10,0.0,0.0,20.0,0.0
41,2020-02-11,0.0,0.0,20.0,0.0
42,2020-02-12,2.0,0.0,22.0,0.0
43,2020-02-13,1.0,0.0,23.0,0.0
44,2020-02-14,1.0,0.0,24.0,0.0
45,2020-02-15,0.0,0.0,24.0,0.0
46,2020-02-16,0.0,0.0,24.0,0.0
47,2020-02-17,2.0,0.0,26.0,0.0
48,2020-02-18,5.0,0.0,31.0,0.0
49,2020-02-19,3.0,0.0,34.0,0.0
50,2020-02-20,1.0,0.0,35.0,0.0
51,2020-02-21,5.0,0.0,40.0,0.0
52,2020-02-22,8.0,0.0,48.0,0.0
53,2020-02-23,0.0,0.0,48.0,0.0
54,2020-02-24,4.0,0.0,52.0,0.0
55,2020-02-25,4.0,0.0,56.0,0.0
56,2020-02-26,8.0,0.0,64.0,0.0
57,2020-02-27,5.0,1.0,69.0,1.0
58,2020-02-28,4.0,0.0,73.0,1.0
59,2020-02-29,9.0,1.0,82.0,2.0
60,2020-03-01,18.0,0.0,100.0,2.0
61,2020-03-02,34.0,6.0,134.0,8.0
62,2020-03-03,51.0,3.0,185.0,11.0
63,2020-03-04,70.0,1.0,255.0,12.0
64,2020-03-05,77.0,3.0,332.0,15.0
65,2020-03-06,125.0,3.0,457.0,18.0
66,2020-03-07,143.0,5.0,600.0,23.0
67,2020-03-08,206.0,4.0,806.0,27.0
68,2020-03-09,384.0,4.0,1190.0,31.0
69,2020-03-10,476.0,7.0,1666.0,38.0
70,2020-03-11,472.0,12.0,2138.0,50.0
71,2020-03-12,665.0,7.0,2803.0,57.0
72,2020-03-13,799.0,10.0,3602.0,67.0
73,2020-03-14,864.0,12.0,4466.0,79.0
74,2020-03-15,1542.0,19.0,6008.0,98.0
75,2020-03-16,1723.0,17.0,7731.0,115.0
76,2020-03-17,2179.0,22.0,9910.0,137.0
77,2020-03-18,2769.0,55.0,12679.0,192.0
78,2020-03-19,3656.0,58.0,16335.0,250.0
79,2020-03-20,4568.0,68.0,20903.0,318.0
80,2020-03-21,5437.0,85.0,26340.0,403.0
81,2020-03-22,6844.0,73.0,33184.0,476.0
82,2020-03-23,8047.0,111.0,41231.0,587.0
83,2020-03-24,8813.0,160.0,50044.0,747.0
84,2020-03-25,10507.0,207.0,60551.0,954.0
85,2020-03-26,14048.0,229.0,74599.0,1183.0
86,2020-03-27,15319.0,344.0,89918.0,1527.0
87,2020-03-28,15734.0,331.0,105652.0,1858.0
88,2020-03-29,21188.0,412.0,126840.0,2270.0
89,2020-03-30,11761.0,302.0,138601.0,2572.0
90,2020-03-31,20131.0,635.0,158732.0,3207.0
91,2020-04-01,22232.0,712.0,180964.0,3919.0
92,2020-04-02,24432.0,841.0,205396.0,4760.0
93,2020-04-03,26234.0,826.0,231630.0,5586.0
94,2020-04-04,26640.0,882.0,258270.0,6468.0
95,2020-04-05,21246.0,1207.0,279516.0,7675.0
96,2020-04-06,24590.0,1002.0,304106.0,8677.0
97,2020-04-07,25313.0,1352.0,329419.0,10029.0
98,2020-04-08,27732.0,1444.0,357151.0,11473.0
99,2020-04-09,28619.0,1401.0,385770.0,12874.0
100,2020-04-10,26948.0,1464.0,412718.0,14338.0
101,2020-04-11,26861.0,1452.0,439579.0,15790.0
102,2020-04-12,22503.0,1147.0,462082.0,16937.0
103,2020-04-13,21117.0,1181.0,483199.0,18118.0
104,2020-04-14,22123.0,1728.0,505322.0,19846.0
105,2020-04-15,21812.0,1952.0,527134.0,21798.0
106,2020-04-16,27478.0,1807.0,554612.0,23605.0
107,2020-04-17,26331.0,1759.0,580943.0,25364.0
108,2020-04-18,24061.0,1327.0,605004.0,26691.0
109,2020-04-19,23331.0,1533.0,628335.0,28224.0
110,2020-04-20,23865.0,1556.0,652200.0,29780.0
111,2020-04-21,22868.0,2164.0,675068.0,31944.0
112,2020-04-22,27335.0,1795.0,702403.0,33739.0
113,2020-04-23,29956.0,1592.0,732359.0,35331.0
114,2020-04-24,31456.0,1700.0,763815.0,37031.0
115,2020-04-25,29918.0,1457.0,793733.0,38488.0
116,2020-04-26,24039.0,1176.0,817772.0,39664.0
117,2020-04-27,22376.0,1196.0,840148.0,40860.0
118,2020-04-28,22712.0,1817.0,862860.0,42677.0
119,2020-04-29,24725.0,2102.0,887585.0,44779.0
120,2020-04-30,28654.0,1980.0,916239.0,46759.0
121,2020-05-01,29663.0,1653.0,945902.0,48412.0
122,2020-05-02,26247.0,1359.0,972149.0,49771.0
123,2020-05-03,24824.0,1189.0,996973.0,50960.0
124,2020-05-04,20424.0,1026.0,1017397.0,51986.0
125,2020-05-05,22079.0,2232.0,1039476.0,54218.0
126,2020-05-06,23888.0,2149.0,1063364.0,56367.0
127,2020-05-07,27807.0,1914.0,1091171.0,58281.0
128,2020-05-08,26657.0,1440.0,1117828.0,59721.0
129,2020-05-09,24663.0,1333.0,1142491.0,61054.0
130,2020-05-10,20547.0,932.0,1163038.0,61986.0
131,2020-05-11,19045.0,959.0,1182083.0,62945.0
132,2020-05-12,23664.0,1416.0,1205747.0,64361.0
133,2020-05-13,16219.0,1384.0,1221966.0,65745.0
134,2020-05-14,33237.0,1836.0,1255203.0,67581.0
135,2020-05-15,25448.0,1462.0,1280651.0,69043.0
136,2020-05-16,24650.0,1136.0,1305301.0,70179.0
137,2020-05-17,19084.0,828.0,1324385.0,71007.0
138,2020-05-18,22502.0,868.0,1346887.0,71875.0
139,2020-05-19,21331.0,1098.0,1368218.0,72973.0
140,2020-05-20,23125.0,1300.0,1391343.0,74273.0
141,2020-05-21,24776.0,1031.0,1416119.0,75304.0
142,2020-05-22,24889.0,1712.0,1441008.0,77016.0
143,2020-05-23,20100.0,876.0,1461108.0,77892.0
144,2020-05-24,20591.0,736.0,1481699.0,78628.0
145,2020-05-25,19063.0,615.0,1500762.0,79243.0
146,2020-05-26,16342.0,778.0,1517104.0,80021.0
147,2020-05-27,19307.0,1245.0,1536411.0,81266.0
148,2020-05-28,23117.0,1173.0,1559528.0,82439.0
149,2020-05-29,22958.0,992.0,1582486.0,83431.0
150,2020-05-30,23395.0,860.0,1605881.0,84291.0
151,2020-05-31,20610.0,634.0,1626491.0,84925.0
152,2020-06-01,16889.0,636.0,1643380.0,85561.0
153,2020-06-02,20572.0,898.0,1663952.0,86459.0
154,2020-06-03,20323.0,978.0,1684275.0,87437.0
155,2020-06-04,20040.0,835.0,1704315.0,88272.0
156,2020-06-05,24183.0,829.0,1728498.0,89101.0
157,2020-06-06,23179.0,636.0,1751677.0,89737.0
158,2020-06-07,17328.0,555.0,1769005.0,90292.0
159,2020-06-08,17820.0,754.0,1786825.0,91046.0
160,2020-06-09,18373.0,799.0,1805198.0,91845.0
161,2020-06-10,21771.0,826.0,1826969.0,92671.0
162,2020-06-11,22581.0,862.0,1849550.0,93533.0
163,2020-06-12,28055.0,691.0,1877605.0,94224.0
164,2020-06-13,26042.0,657.0,1903647.0,94881.0
165,2020-06-14,20106.0,464.0,1923753.0,95345.0
166,2020-06-15,20452.0,520.0,1944205.0,95865.0
167,2020-06-16,24593.0,647.0,1968798.0,96512.0
168,2020-06-17,25488.0,654.0,1994286.0,97166.0
169,2020-06-18,28194.0,637.0,2022480.0,97803.0
170,2020-06-19,32868.0,725.0,2055348.0,98528.0
171,2020-06-20,32982.0,556.0,2088330.0,99084.0
172,2020-06-21,26882.0,404.0,2115212.0,99488.0
173,2020-06-22,28572.0,413.0,2143784.0,99901.0
174,2020-06-23,37702.0,715.0,2181486.0,100616.0
175,2020-06-24,36883.0,674.0,2218369.0,101290.0
176,2020-06-25,46854.0,701.0,2265223.0,103815.0
177,2020-06-26,46226.0,689.0,2311449.0,104504.0
178,2020-06-27,43205.0,562.0,2354654.0,105066.0
179,2020-06-28,37244.0,421.0,2391898.0,105487.0
180,2020-06-29,38486.0,460.0,2430384.0,105947.0
181,2020-06-30,46496.0,628.0,2476880.0,106575.0
182,2020-07-01,58951.0,763.0,2535831.0,107338.0
183,2020-07-02,55197.0,694.0,2591028.0,108032.0
184,2020-07-03,60022.0,801.0,2651050.0,108833.0
185,2020-07-04,49269.0,522.0,2700319.0,109355.0
186,2020-07-05,39919.0,445.0,2740238.0,109800.0
187,2020-07-06,50988.0,621.0,2791226.0,110421.0
188,2020-07-07,56732.0,916.0,2847958.0,111337.0
189,2020-07-08,64318.0,1079.0,2912276.0,112416.0
190,2020-07-09,61889.0,945.0,2974165.0,113361.0
191,2020-07-10,68207.0,935.0,3042372.0,114296.0
192,2020-07-11,68224.0,884.0,3110596.0,115180.0
193,2020-07-12,58588.0,833.0,3169184.0,116013.0
194,2020-07-13,55950.0,731.0,3225134.0,116744.0
195,2020-07-14,64754.0,916.0,3289888.0,117660.0
196,2020-07-15,71955.0,1110.0,3361843.0,118770.0
197,2020-07-16,69238.0,1073.0,3431081.0,119843.0
198,2020-07-17,76692.0,1075.0,3507773.0,120918.0
199,2020-07-18,67006.0,988.0,3574779.0,121906.0
200,2020-07-19,59745.0,922.0,3634524.0,122828.0
201,2020-07-20,58443.0,870.0,3692967.0,123698.0
202,2020-07-21,63402.0,1173.0,3756369.0,124871.0
203,2020-07-22,72107.0,1184.0,3828476.0,126055.0
204,2020-07-23,73355.0,1260.0,3901831.0,127315.0
205,2020-07-24,73181.0,1281.0,3975012.0,128596.0
206,2020-07-25,61170.0,1134.0,4036182.0,129730.0
207,2020-07-26,58195.0,948.0,4094377.0,130678.0
208,2020-07-27,53385.0,940.0,4147762.0,131618.0
209,2020-07-28,58897.0,1176.0,4206659.0,132794.0
210,2020-07-29,64548.0,1164.0,4271207.0,133958.0
211,2020-07-30,66478.0,1409.0,4337685.0,135367.0
212,2020-07-31,68412.0,1380.0,4406097.0,136747.0
213,2020-08-01,56212.0,1122.0,4462309.0,137869.0
214,2020-08-02,51229.0,915.0,4513538.0,138784.0
215,2020-08-03,45242.0,881.0,4558780.0,139665.0
216,2020-08-04,51750.0,1085.0,4610530.0,140750.0
217,2020-08-05,55715.0,1264.0,4666245.0,142014.0
218,2020-08-06,54600.0,1203.0,4720845.0,143217.0
219,2020-08-07,61885.0,1308.0,4782730.0,144525.0
220,2020-08-08,51351.0,1036.0,4834081.0,145561.0
221,2020-08-09,46317.0,895.0,4880398.0,146456.0
222,2020-08-10,44088.0,818.0,4924486.0,147274.0
223,2020-08-11,58824.0,1095.0,4983310.0,148369.0
224,2020-08-12,54839.0,1335.0,5038149.0,149704.0
225,2020-08-13,51764.0,1197.0,5089913.0,150901.0
226,2020-08-14,55827.0,1063.0,5145740.0,151964.0
227,2020-08-15,51304.0,936.0,5197044.0,152900.0
228,2020-08-16,41662.0,888.0,5238706.0,153788.0
229,2020-08-17,41689.0,650.0,5280395.0,154438.0
230,2020-08-18,41531.0,937.0,5321926.0,155375.0
231,2020-08-19,46803.0,1276.0,5368729.0,156651.0
232,2020-08-20,46502.0,995.0,5415231.0,157646.0
233,2020-08-21,47375.0,1019.0,5462606.0,158665.0
234,2020-08-22,41542.0,993.0,5504148.0,159658.0
235,2020-08-23,36850.0,837.0,5540998.0,160495.0
236,2020-08-24,36011.0,609.0,5577009.0,161104.0
237,2020-08-25,40696.0,885.0,5617705.0,161989.0
238,2020-08-26,46970.0,1057.0,5664675.0,163046.0
239,2020-08-27,46790.0,954.0,5711465.0,164000.0
240,2020-08-28,46689.0,1031.0,5758154.0,165031.0
241,2020-08-29,40683.0,821.0,5798837.0,165852.0
242,2020-08-30,36361.0,721.0,5835198.0,166573.0
243,2020-08-31,39130.0,581.0,5874328.0,167154.0
244,2020-09-01,39014.0,852.0,5913342.0,168006.0
245,2020-09-02,41978.0,875.0,5957025.0,168881.0
246,2020-09-03,45147.0,951.0,6002172.0,169832.0
247,2020-09-04,50962.0,922.0,6053134.0,170754.0
248,2020-09-05,41197.0,783.0,6094331.0,171537.0
249,2020-09-06,33446.0,690.0,6127777.0,172227.0
250,2020-09-07,24901.0,419.0,6152678.0,172646.0
251,2020-09-08,28436.0,570.0,6181114.0,173216.0
252,2020-09-09,35061.0,839.0,6216175.0,174055.0
253,2020-09-10,38345.0,841.0,6254520.0,174896.0
254,2020-09-11,44067.0,878.0,6298587.0,175774.0
255,2020-09-12,39816.0,649.0,6338403.0,176423.0
256,2020-09-13,32682.0,734.0,6371085.0,177157.0
257,2020-09-14,34436.0,449.0,6405521.0,177606.0
258,2020-09-15,36884.0,773.0,6442405.0,178379.0
259,2020-09-16,44308.0,1101.0,6486713.0,179480.0
260,2020-09-17,45054.0,730.0,6531767.0,180210.0
261,2020-09-18,47746.0,815.0,6579513.0,181025.0
262,2020-09-19,42061.0,653.0,6621574.0,181678.0
263,2020-09-20,33955.0,462.0,6655529.0,182140.0
264,2020-09-21,41542.0,576.0,6697071.0,182716.0
265,2020-09-22,49864.0,655.0,6746935.0,183371.0
266,2020-09-23,42172.0,904.0,6789107.0,184275.0
267,2020-09-24,45863.0,745.0,6834970.0,185020.0
268,2020-09-25,49590.0,766.0,6884560.0,185786.0
269,2020-09-26,42327.0,667.0,6926887.0,186453.0
270,2020-09-27,34752.0,500.0,6961639.0,186953.0
271,2020-09-28,38920.0,417.0,7000559.0,187370.0
272,2020-09-29,38515.0,802.0,7039074.0,188172.0
273,2020-09-30,45516.0,687.0,7084590.0,188859.0
274,2020-10-01,46763.0,740.0,7131353.0,189599.0
275,2020-10-02,50488.0,902.0,7181841.0,190501.0
276,2020-10-03,47337.0,542.0,7229178.0,191043.0
277,2020-10-04,34944.0,605.0,7264122.0,191648.0
278,2020-10-05,41441.0,524.0,7305563.0,192172.0
279,2020-10-06,41558.0,636.0,7347121.0,192808.0
280,2020-10-07,53447.0,802.0,7400568.0,193610.0
281,2020-10-08,55019.0,732.0,7455587.0,194342.0
282,2020-10-09,58518.0,787.0,7514105.0,195129.0
283,2020-10-10,53423.0,668.0,7567528.0,195797.0
284,2020-10-11,44174.0,577.0,7611702.0,196374.0
285,2020-10-12,49702.0,504.0,7661404.0,196878.0
286,2020-10-13,50249.0,649.0,7711653.0,197527.0
287,2020-10-14,57480.0,823.0,7769133.0,198350.0
288,2020-10-15,62451.0,712.0,7831584.0,199062.0
289,2020-10-16,68708.0,873.0,7900292.0,199935.0
290,2020-10-17,54012.0,681.0,7954304.0,200616.0
291,2020-10-18,48485.0,740.0,8002789.0,201356.0
292,2020-10-19,61603.0,617.0,8064392.0,201973.0
293,2020-10-20,58551.0,801.0,8122943.0,202774.0
294,2020-10-21,69446.0,1038.0,8192389.0,203812.0
295,2020-10-22,74272.0,922.0,8266661.0,204734.0
296,2020-10-23,82126.0,946.0,8348787.0,205680.0
297,2020-10-24,75612.0,794.0,8424399.0,206474.0
298,2020-10-25,65177.0,606.0,8489576.0,207080.0
299,2020-10-26,69434.0,705.0,8559010.0,207785.0
300,2020-10-27,75459.0,885.0,8634469.0,208670.0
301,2020-10-28,84203.0,1065.0,8718672.0,209735.0
302,2020-10-29,90632.0,1099.0,8809304.0,210834.0
303,2020-10-30,97033.0,917.0,8906337.0,211751.0
304,2020-10-31,92551.0,928.0,8998888.0,212679.0
305,2020-11-01,73430.0,707.0,9139793.0,213386.0
306,2020-11-02,86955.0,748.0,9226748.0,214134.0
307,2020-11-03,98165.0,1025.0,9324913.0,215159.0
308,2020-11-04,113706.0,1298.0,9438619.0,216457.0
309,2020-11-05,122546.0,1203.0,9561165.0,217660.0
310,2020-11-06,132983.0,1292.0,9694148.0,218952.0
311,2020-11-07,127979.0,1066.0,9822127.0,220018.0
312,2020-11-08,110475.0,884.0,9932602.0,220902.0
313,2020-11-09,124089.0,936.0,10056691.0,221838.0
314,2020-11-10,146588.0,1218.0,10203279.0,223522.0
315,2020-11-11,152169.0,1517.0,10355448.0,225039.0
316,2020-11-12,160816.0,1355.0,10516264.0,226394.0
317,2020-11-13,176134.0,1266.0,10692398.0,227660.0
318,2020-11-14,162420.0,1443.0,10854818.0,229103.0
319,2020-11-15,137643.0,1032.0,10992461.0,230135.0
320,2020-11-16,151744.0,1055.0,11144205.0,231190.0
321,2020-11-17,166507.0,1578.0,11310712.0,232768.0
322,2020-11-18,169368.0,1851.0,11480080.0,234619.0
323,2020-11-19,188079.0,1907.0,11668159.0,236526.0
324,2020-11-20,192613.0,1980.0,11860772.0,238506.0
325,2020-11-21,172087.0,1688.0,12032859.0,240194.0
326,2020-11-22,148990.0,1313.0,12181849.0,241507.0
327,2020-11-23,158285.0,1448.0,12340134.0,242955.0
328,2020-11-24,174294.0,1884.0,12514428.0,244839.0
329,2020-11-25,192850.0,2290.0,12707278.0,247129.0
330,2020-11-26,142270.0,1653.0,12849548.0,248782.0
331,2020-11-27,162828.0,1658.0,13012376.0,250440.0
332,2020-11-28,143346.0,1491.0,13155722.0,251931.0
333,2020-11-29,138475.0,1276.0,13294197.0,253207.0
334,2020-11-30,150304.0,1584.0,13444501.0,254791.0
335,2020-12-01,190999.0,2373.0,13635500.0,257164.0
336,2020-12-02,206660.0,2769.0,13842160.0,259933.0
337,2020-12-03,214414.0,2704.0,14056574.0,262637.0
338,2020-12-04,222120.0,2608.0,14278694.0,265245.0
339,2020-12-05,202826.0,2322.0,14481520.0,267567.0
340,2020-12-06,174081.0,1578.0,14655601.0,269145.0
341,2020-12-07,181325.0,2001.0,14836926.0,271146.0
342,2020-12-08,225618.0,2524.0,15062544.0,273670.0
343,2020-12-09,218172.0,3354.0,15280716.0,277024.0
344,2020-12-10,205111.0,2681.0,15485827.0,279705.0
345,2020-12-11,243390.0,3173.0,15729217.0,282878.0
346,2020-12-12,212758.0,2377.0,15941975.0,285255.0
347,2020-12-13,177830.0,2021.0,16119805.0,287276.0
348,2020-12-14,195630.0,1996.0,16315435.0,289272.0
349,2020-12-15,197440.0,2724.0,16512875.0,291996.0
350,2020-12-16,237037.0,3374.0,16749912.0,295370.0
351,2020-12-17,242528.0,3316.0,16992440.0,298686.0
352,2020-12-18,233736.0,2934.0,17226176.0,301620.0
353,2020-12-19,200308.0,2653.0,17426484.0,304273.0
354,2020-12-20,183359.0,2061.0,17609843.0,306334.0
355,2020-12-21,180485.0,2161.0,17790328.0,308495.0
356,2020-12-22,196107.0,2882.0,17986435.0,311377.0
357,2020-12-23,221580.0,3175.0,18208015.0,314552.0
358,2020-12-24,197846.0,2973.0,18405861.0,317525.0
359,2020-12-25,154938.0,2186.0,18560799.0,319711.0
360,2020-12-26,146250.0,1616.0,18707049.0,321327.0
361,2020-12-27,153183.0,1867.0,18860232.0,323194.0
362,2020-12-28,174073.0,2218.0,19034305.0,325412.0
363,2020-12-29,205461.0,3326.0,19239766.0,328738.0
364,2020-12-30,231200.0,3711.0,19470966.0,332449.0
365,2020-12-31,224032.0,3721.0,19694998.0,336170.0
366,2021-01-01,221574.0,2990.0,19916572.0,339160.0
367,2021-01-02,222799.0,2332.0,20139371.0,341492.0
368,2021-01-03,202549.0,2015.0,20341920.0,343507.0
369,2021-01-04,169966.0,2037.0,20511886.0,345544.0
370,2021-01-05,239346.0,3447.0,20751232.0,348991.0
371,2021-01-06,251544.0,3809.0,21002776.0,352800.0
372,2021-01-07,262724.0,3917.0,21265500.0,356717.0
373,2021-01-08,286196.0,3698.0,21551696.0,360415.0
374,2021-01-09,249420.0,3290.0,21801116.0,363705.0
375,2021-01-10,218491.0,2511.0,22019607.0,366216.0
376,2021-01-11,199816.0,2543.0,22219423.0,368759.0
377,2021-01-12,213843.0,3555.0,22433266.0,372314.0
378,2021-01-13,221017.0,4021.0,22654283.0,376335.0
379,2021-01-14,217250.0,3643.0,22871533.0,379978.0
380,2021-01-15,233727.0,3343.0,23105260.0,383321.0
381,2021-01-16,206865.0,3452.0,23312125.0,386773.0
382,2021-01-17,178458.0,2518.0,23490583.0,389291.0
383,2021-01-18,147277.0,2233.0,23637860.0,391524.0
384,2021-01-19,145943.0,2707.0,23784387.0,394231.0
385,2021-01-20,182351.0,3787.0,23966738.0,398018.0
386,2021-01-21,182141.0,3763.0,24148879.0,401781.0
387,2021-01-22,184979.0,3626.0,24333858.0,405407.0
388,2021-01-23,158796.0,2930.0,24492654.0,408337.0
389,2021-01-24,138475.0,2401.0,24631129.0,410738.0
390,2021-01-25,130008.0,2052.0,24761137.0,412790.0
391,2021-01-26,142947.0,3475.0,24904084.0,416265.0
392,2021-01-27,152261.0,3911.0,25056345.0,420176.0
393,2021-01-28,150434.0,3789.0,25206779.0,423965.0
394,2021-01-29,158536.0,3189.0,25365315.0,427154.0
395,2021-01-30,131846.0,2685.0,25497161.0,429839.0
396,2021-01-31,107855.0,2202.0,25605016.0,432041.0
397,2021-02-01,125369.0,2190.0,25730385.0,434231.0
398,2021-02-02,118063.0,2892.0,25848448.0,437123.0
399,2021-02-03,107328.0,3242.0,25955776.0,440365.0
400,2021-02-04,121745.0,3054.0,26077521.0,443419.0
401,2021-02-05,118717.0,3291.0,26196238.0,446710.0
402,2021-02-06,102755.0,2674.0,26298993.0,449384.0
403,2021-02-07,86652.0,1729.0,26385645.0,451113.0
404,2021-02-08,78485.0,1626.0,26464130.0,452739.0
405,2021-02-09,89114.0,2350.0,26553244.0,455089.0
406,2021-02-10,93554.0,2727.0,26646798.0,457816.0
407,2021-02-11,94695.0,3162.0,26741493.0,460978.0
408,2021-02-12,92969.0,2455.0,26834462.0,465992.0
409,2021-02-13,80459.0,2003.0,26914921.0,469199.0
410,2021-02-14,62598.0,1478.0,26977519.0,470677.0
411,2021-02-15,55389.0,1322.0,27032908.0,471999.0
412,2021-02-16,54769.0,1348.0,27087677.0,473347.0
413,2021-02-17,60394.0,2083.0,27148071.0,475430.0
414,2021-02-18,63847.0,2166.0,27211918.0,477596.0
415,2021-02-19,69225.0,2352.0,27281143.0,479948.0
416,2021-02-20,63246.0,1817.0,27344389.0,481765.0
417,2021-02-21,51712.0,1491.0,27396101.0,483256.0
418,2021-02-22,53074.0,1453.0,27449175.0,484709.0
419,2021-02-23,67536.0,1643.0,27516711.0,486352.0
420,2021-02-24,68174.0,1916.0,27584885.0,488268.0
421,2021-02-25,67307.0,2860.0,27652192.0,491128.0
422,2021-02-26,69107.0,1840.0,27721299.0,492968.0
423,2021-02-27,64199.0,1538.0,27785498.0,494506.0
424,2021-02-28,47877.0,1014.0,27833375.0,495520.0
425,2021-03-01,48619.0,1195.0,27881994.0,496715.0
426,2021-03-02,51165.0,1285.0,27933159.0,498000.0
427,2021-03-03,61123.0,1483.0,27994282.0,499483.0
428,2021-03-04,61375.0,1503.0,28055657.0,500986.0
429,2021-03-05,59910.0,1872.0,28115567.0,502858.0
430,2021-03-06,53464.0,1201.0,28169031.0,504059.0
431,2021-03-07,39828.0,853.0,28208859.0,504912.0
432,2021-03-08,40689.0,767.0,28249548.0,505679.0
433,2021-03-09,50254.0,954.0,28300693.0,506771.0
434,2021-03-10,57565.0,1503.0,28358258.0,508274.0
435,2021-03-11,55850.0,1254.0,28414108.0,509528.0
436,2021-03-12,59922.0,1225.0,28474030.0,510918.0
437,2021-03-13,48190.0,909.0,28522220.0,511827.0
438,2021-03-14,43316.0,585.0,28565536.0,512412.0
439,2021-03-15,40750.0,630.0,28606286.0,513042.0
440,2021-03-16,49196.0,816.0,28655482.0,513858.0
441,2021-03-17,56235.0,1008.0,28711717.0,514866.0
442,2021-03-18,58696.0,776.0,28770413.0,515642.0
443,2021-03-19,58003.0,1134.0,28828416.0,516776.0
444,2021-03-20,54447.0,660.0,28882863.0,517436.0
445,2021-03-21,41317.0,505.0,28924180.0,517941.0
446,2021-03-22,45529.0,887.0,28969709.0,518828.0
447,2021-03-23,55098.0,701.0,29024807.0,519529.0
448,2021-03-24,63279.0,1068.0,29088086.0,520597.0
449,2021-03-25,61667.0,934.0,29149753.0,521531.0
450,2021-03-26,70589.0,1019.0,29220342.0,522550.0
451,2021-03-27,58296.0,775.0,29278638.0,523325.0
452,2021-03-28,49002.0,555.0,29327640.0,523880.0
453,2021-03-29,55436.0,491.0,29383076.0,524371.0
454,2021-03-30,59290.0,659.0,29442366.0,525030.0
455,2021-03-31,66126.0,908.0,29508492.0,525938.0
456,2021-04-01,70053.0,771.0,29578545.0,526709.0
457,2021-04-02,66923.0,778.0,29645468.0,527487.0
458,2021-04-03,60131.0,689.0,29705599.0,528176.0
459,2021-04-04,42263.0,467.0,29747862.0,528643.0
460,2021-04-05,54394.0,330.0,29802256.0,528973.0
461,2021-04-06,62163.0,674.0,29864419.0,529647.0
462,2021-04-07,71826.0,776.0,29936245.0,530423.0
463,2021-04-08,72548.0,816.0,30008793.0,531239.0
464,2021-04-09,73887.0,790.0,30082752.0,532055.0
465,2021-04-10,65426.0,694.0,30148178.0,532749.0
466,2021-04-11,51189.0,411.0,30199367.0,533160.0
467,2021-04-12,59850.0,498.0,30259217.0,533658.0
468,2021-04-13,69980.0,688.0,30329197.0,534346.0
469,2021-04-14,68537.0,762.0,30397734.0,535108.0
470,2021-04-15,70220.0,760.0,30467954.0,535868.0
471,2021-04-16,69304.0,774.0,30537258.0,536642.0
472,2021-04-17,75602.0,590.0,30612860.0,537232.0
473,2021-04-18,47624.0,470.0,30660484.0,537702.0
474,2021-04-19,34355.0,452.0,30694839.0,538154.0
475,2021-04-20,56343.0,702.0,30751182.0,538856.0
476,2021-04-21,61861.0,738.0,30813043.0,539594.0
477,2021-04-22,60436.0,760.0,30873479.0,540354.0
478,2021-04-23,61134.0,805.0,30934613.0,541159.0
479,2021-04-24,50522.0,619.0,30985135.0,541778.0
480,2021-04-25,39812.0,389.0,31024947.0,542167.0
481,2021-04-26,38757.0,459.0,31054699.0,542626.0
482,2021-04-27,49580.0,516.0,31104279.0,543142.0
483,2021-04-28,53539.0,816.0,31157818.0,543958.0
484,2021-04-29,54760.0,734.0,31212578.0,544692.0
485,2021-04-30,54058.0,766.0,31266636.0,545458.0
486,2021-05-01,47264.0,593.0,31313900.0,546051.0
487,2021-05-02,35625.0,463.0,31349525.0,546514.0
488,2021-05-03,32551.0,447.0,31382076.0,546961.0
489,2021-05-04,42018.0,665.0,31424094.0,547626.0
490,2021-05-05,43906.0,698.0,31468000.0,548324.0
491,2021-05-06,42232.0,642.0,31510232.0,548966.0
492,2021-05-07,43909.0,787.0,31554141.0,549753.0
493,2021-05-08,36077.0,584.0,31590218.0,550337.0
494,2021-05-09,26620.0,371.0,31616838.0,550708.0
495,2021-05-10,24187.0,393.0,31641025.0,551101.0
496,2021-05-11,32697.0,582.0,31673722.0,551683.0
497,2021-05-12,35281.0,675.0,31709003.0,552358.0
498,2021-05-13,39804.0,568.0,31748807.0,552926.0
499,2021-05-14,34806.0,682.0,31783613.0,553608.0
500,2021-05-15,29077.0,412.0,31812732.0,554020.0
501,2021-05-16,20865.0,415.0,31833597.0,554435.0
502,2021-05-17,19212.0,362.0,31852809.0,554797.0
503,2021-05-18,27463.0,584.0,31880272.0,555381.0
504,2021-05-19,27233.0,591.0,31907505.0,555972.0
505,2021-05-20,27472.0,519.0,31934977.0,556491.0
506,2021-05-21,27608.0,659.0,31962585.0,557150.0
507,2021-05-22,21757.0,381.0,31984342.0,557531.0
508,2021-05-23,15535.0,276.0,31999877.0,557807.0
509,2021-05-24,15073.0,340.0,32014950.0,558364.0
510,2021-05-25,24144.0,496.0,32039094.0,558860.0
511,2021-05-26,23250.0,513.0,32062344.0,559373.0
512,2021-05-27,21785.0,540.0,32084129.0,559913.0
513,2021-05-28,24498.0,700.0,32108627.0,560613.0
514,2021-05-29,15334.0,301.0,32123961.0,560914.0
515,2021-05-30,12081.0,243.0,32136042.0,561157.0
516,2021-05-31,9167.0,219.0,32145209.0,561376.0
517,2021-06-01,8966.0,330.0,32154175.0,561706.0
518,2021-06-02,16101.0,484.0,32170276.0,562190.0
519,2021-06-03,17935.0,463.0,32188211.0,562653.0
520,2021-06-04,18437.0,577.0,32206648.0,563230.0
521,2021-06-05,14512.0,381.0,32221160.0,563611.0
522,2021-06-06,10734.0,431.0,32231894.0,564042.0
523,2021-06-07,9750.0,314.0,32241644.0,564356.0
524,2021-06-08,13965.0,308.0,32255609.0,564664.0
525,2021-06-09,19215.0,366.0,32275288.0,565048.0
526,2021-06-10,15470.0,382.0,32290758.0,565430.0
527,2021-06-11,13920.0,401.0,32304678.0,565831.0
528,2021-06-12,12206.0,192.0,32316884.0,566023.0
529,2021-06-13,8592.0,144.0,32325476.0,566167.0
530,2021-06-14,8173.0,200.0,32333649.0,566367.0
531,2021-06-15,12652.0,302.0,32346301.0,566669.0
532,2021-06-16,12987.0,341.0,32359288.0,567010.0
533,2021-06-17,13281.0,274.0,32372569.0,567284.0
534,2021-06-18,11774.0,268.0,32384343.0,567552.0
535,2021-06-19,12226.0,253.0,32396569.0,567805.0
536,2021-06-20,8941.0,218.0,32405510.0,568023.0
537,2021-06-21,8594.0,260.0,32414104.0,568283.0
538,2021-06-22,13272.0,307.0,32427376.0,568590.0
539,2021-06-23,13652.0,335.0,32441028.0,568925.0
540,2021-06-24,15383.0,312.0,32456411.0,569237.0
541,2021-06-25,14916.0,388.0,32471327.0,569635.0
542,2021-06-26,13048.0,233.0,32484375.0,569868.0
543,2021-06-27,10450.0,164.0,32494825.0,570032.0
544,2021-06-28,10438.0,191.0,32505263.0,570223.0
545,2021-06-29,15471.0,275.0,32520734.0,570498.0
546,2021-06-30,11477.0,241.0,32532211.0,570739.0
547,2021-07-01,18439.0,286.0,32550650.0,571025.0
548,2021-07-02,16776.0,300.0,32567426.0,571325.0
549,2021-07-03,13038.0,151.0,32580464.0,571476.0
550,2021-07-04,10322.0,119.0,32590786.0,571595.0
551,2021-07-05,9135.0,102.0,32599921.0,571697.0
552,2021-07-06,19964.0,301.0,32619885.0,571998.0
553,2021-07-07,22225.0,251.0,32642110.0,572249.0
554,2021-07-08,27316.0,262.0,32825211.0,572511.0
555,2021-07-09,27292.0,308.0,32852503.0,572819.0
556,2021-07-10,20450.0,143.0,32872953.0,572962.0
557,2021-07-11,16276.0,114.0,32889229.0,573076.0
558,2021-07-12,28873.0,304.0,32918102.0,573380.0
559,2021-07-13,34664.0,330.0,32952766.0,573710.0
560,2021-07-14,38040.0,339.0,32990912.0,574049.0
561,2021-07-15,40039.0,318.0,33031063.0,574367.0
562,2021-07-16,41855.0,365.0,33072960.0,574732.0
563,2021-07-17,31693.0,176.0,33104724.0,574908.0
564,2021-07-18,27713.0,143.0,33132482.0,575051.0
565,2021-07-19,44322.0,282.0,33177070.0,575333.0
566,2021-07-20,50435.0,320.0,33227641.0,575653.0
567,2021-07-21,60702.0,394.0,33288527.0,576047.0
568,2021-07-22,70739.0,342.0,33359549.0,576389.0
569,2021-07-23,68749.0,412.0,33428643.0,576801.0
570,2021-07-24,53006.0,246.0,33481771.0,577047.0
571,2021-07-25,42557.0,246.0,33524356.0,577293.0
572,2021-07-26,70487.0,417.0,33594879.0,577710.0
573,2021-07-27,84947.0,501.0,33679968.0,578211.0
574,2021-07-28,88104.0,488.0,33768192.0,578699.0
575,2021-07-29,98319.0,496.0,33866740.0,579195.0
576,2021-07-30,103739.0,515.0,33970813.0,579710.0
577,2021-07-31,79816.0,390.0,34050793.0,580100.0
578,2021-08-01,60585.0,365.0,34111422.0,580465.0
579,2021-08-02,101086.0,648.0,34212533.0,581113.0
580,2021-08-03,109035.0,706.0,34321890.0,581819.0
581,2021-08-04,125815.0,744.0,34448038.0,582563.0
582,2021-08-05,126878.0,750.0,34575150.0,583313.0
583,2021-08-06,124915.0,837.0,34707838.0,584150.0
584,2021-08-07,119136.0,635.0,34827073.0,584785.0
585,2021-08-08,95837.0,522.0,34922952.0,585307.0
586,2021-08-09,92338.0,717.0,35015372.0,586025.0
587,2021-08-10,133152.0,956.0,35148707.0,586981.0
588,2021-08-11,142487.0,607.0,35291464.0,587600.0
589,2021-08-12,150201.0,987.0,35441931.0,588587.0
590,2021-08-13,145336.0,1179.0,35587364.0,589780.0
591,2021-08-14,138677.0,885.0,35726208.0,590665.0
592,2021-08-15,109448.0,674.0,35835730.0,591339.0
593,2021-08-16,107906.0,848.0,35943766.0,592195.0
594,2021-08-17,148629.0,1195.0,36092645.0,593390.0
595,2021-08-18,165467.0,1487.0,36259152.0,594892.0
596,2021-08-19,173806.0,1359.0,36433162.0,596280.0
597,2021-08-20,165027.0,1557.0,36600123.0,597851.0
598,2021-08-21,143172.0,1173.0,36743671.0,599024.0
599,2021-08-22,126122.0,887.0,36869863.0,599924.0
600,2021-08-23,114884.0,1125.0,36984816.0,601126.0
601,2021-08-24,161519.0,1657.0,37146702.0,602787.0
602,2021-08-25,175875.0,1634.0,37322834.0,604438.0
603,2021-08-26,185096.0,1757.0,37508183.0,606226.0
604,2021-08-27,181236.0,1804.0,37689620.0,608072.0
605,2021-08-28,151486.0,1464.0,37841467.0,609536.0
606,2021-08-29,117189.0,1152.0,37958835.0,610721.0
607,2021-08-30,131919.0,1199.0,38090837.0,611955.0
608,2021-08-31,175210.0,1742.0,38266551.0,613747.0
609,2021-09-01,197101.0,1983.0,38463975.0,615766.0
610,2021-09-02,181785.0,2016.0,38646161.0,617798.0
611,2021-09-03,180647.0,1940.0,38827196.0,619766.0
612,2021-09-04,143049.0,1498.0,38970662.0,621264.0
613,2021-09-05,124106.0,1280.0,39095045.0,622593.0
614,2021-09-06,108429.0,1054.0,39203878.0,623662.0
615,2021-09-07,116663.0,1459.0,39320631.0,625208.0
616,2021-09-08,167791.0,2068.0,39489769.0,627334.0
617,2021-09-09,182519.0,2237.0,39672692.0,629577.0
618,2021-09-10,170173.0,2243.0,39843214.0,631869.0
619,2021-09-11,154853.0,1746.0,39998594.0,633615.0
620,2021-09-12,115504.0,1134.0,40114177.0,634768.0
621,2021-09-13,111269.0,1295.0,40225610.0,636116.0
622,2021-09-14,160429.0,2423.0,40386699.0,638544.0
623,2021-09-15,160964.0,2382.0,40548579.0,641034.0
624,2021-09-16,165311.0,2081.0,40714430.0,643140.0
625,2021-09-17,156143.0,2297.0,40871104.0,645474.0
626,2021-09-18,123545.0,1609.0,40995224.0,647083.0
627,2021-09-19,96033.0,1182.0,41091344.0,648298.0
628,2021-09-20,90724.0,1281.0,41182101.0,649631.0
629,2021-09-21,131485.0,2333.0,41314210.0,651973.0
630,2021-09-22,131029.0,2282.0,41445684.0,654325.0
631,2021-09-23,134609.0,2031.0,41581759.0,656380.0
632,2021-09-24,131746.0,2397.0,41713862.0,658838.0
633,2021-09-25,96702.0,1451.0,41811210.0,660289.0
634,2021-09-26,76184.0,1015.0,41887633.0,661331.0
635,2021-09-27,100360.0,1462.0,41988115.0,663240.0
636,2021-09-28,114644.0,2101.0,42103203.0,665363.0
637,2021-09-29,114927.0,2197.0,42218991.0,667610.0
638,2021-09-30,121042.0,1911.0,42340798.0,669555.0
639,2021-10-01,119761.0,2154.0,42461253.0,671751.0
640,2021-10-02,82266.0,1313.0,42544012.0,673064.0
641,2021-10-03,67106.0,952.0,42611325.0,674040.0
642,2021-10-04,84775.0,1223.0,42696129.0,675332.0
643,2021-10-05,102267.0,2047.0,42798634.0,677379.0
644,2021-10-06,105080.0,1991.0,42914250.0,679421.0
645,2021-10-07,111170.0,1730.0,43026213.0,681167.0
646,2021-10-08,106533.0,2208.0,43133290.0,683415.0
647,2021-10-09,70483.0,1070.0,43204421.0,684485.0
648,2021-10-10,58919.0,734.0,43263501.0,685517.0
649,2021-10-11,73337.0,902.0,43336922.0,686466.0
650,2021-10-12,88471.0,1911.0,43426042.0,688387.0
651,2021-10-13,94773.0,1785.0,43521547.0,690231.0
652,2021-10-14,94465.0,1548.0,43616510.0,691786.0
653,2021-10-15,89964.0,1970.0,43707280.0,693814.0
654,2021-10-16,63301.0,921.0,43771406.0,694735.0
655,2021-10-17,48641.0,710.0,43820123.0,695458.0
656,2021-10-18,67518.0,1252.0,43887664.0,697723.0
657,2021-10-19,79071.0,1841.0,43967255.0,699565.0
658,2021-10-20,75051.0,1747.0,44042838.0,701390.0
659,2021-10-21,86408.0,1518.0,44129623.0,702908.0
660,2021-10-22,80826.0,1883.0,44210765.0,704868.0
661,2021-10-23,35845.0,654.0,44247061.0,705522.0
662,2021-10-24,25695.0,322.0,44272850.0,705844.0
663,2021-10-25,83219.0,985.0,44356116.0,706885.0
664,2021-10-26,101323.0,2005.0,44457701.0,708915.0
665,2021-10-27,82703.0,1705.0,44540861.0,710686.0
666,2021-10-28,81664.0,1275.0,44644410.0,711962.0
667,2021-10-29,85961.0,1713.0,44730508.0,713746.0
668,2021-10-30,34473.0,453.0,44765550.0,714199.0
669,2021-10-31,25442.0,306.0,44791056.0,714505.0
670,2021-11-01,107668.0,1122.0,44906683.0,715674.0
671,2021-11-02,73444.0,1430.0,44980812.0,717121.0
672,2021-11-03,77953.0,1438.0,45058873.0,718312.0
673,2021-11-04,87786.0,1195.0,45146878.0,719507.0
674,2021-11-05,88555.0,1550.0,45235619.0,721112.0
675,2021-11-06,35669.0,477.0,45271816.0,721589.0
676,2021-11-07,30023.0,243.0,45301905.0,721832.0
677,2021-11-08,115455.0,1149.0,45417409.0,723005.0
678,2021-11-09,81782.0,1567.0,45499368.0,724572.0
679,2021-11-10,90971.0,1252.0,45592131.0,725912.0
680,2021-11-11,72425.0,952.0,45665146.0,726875.0
681,2021-11-12,121418.0,1693.0,45786709.0,728611.0
682,2021-11-13,53940.0,544.0,45856020.0,729155.0
683,2021-11-14,31830.0,217.0,45887911.0,729372.0
684,2021-11-15,132412.0,1023.0,46020332.0,730434.0
685,2021-11-16,96975.0,1444.0,46117366.0,731878.0
686,2021-11-17,103744.0,1262.0,46221165.0,733318.0
687,2021-11-18,111662.0,1070.0,46343511.0,737171.0
688,2021-11-19,113869.0,1600.0,46457480.0,738842.0
689,2021-11-20,46131.0,374.0,46503692.0,739216.0
690,2021-11-21,34221.0,170.0,46538403.0,739386.0
691,2021-11-22,143827.0,1122.0,46682280.0,740550.0
692,2021-11-23,99386.0,1535.0,46781792.0,742094.0
693,2021-11-24,106793.0,1222.0,46888830.0,743463.0
694,2021-11-25,69132.0,446.0,46958038.0,743909.0
695,2021-11-26,81762.0,565.0,47039819.0,744474.0
696,2021-11-27,51871.0,216.0,47091741.0,744690.0
697,2021-11-28,52403.0,180.0,47144236.0,744870.0
698,2021-11-29,92596.0,1591.0,47237003.0,746519.0
699,2021-11-30,119062.0,1588.0,47356230.0,748119.0
700,2021-12-01,130739.0,1550.0,47486969.0,749829.0
701,2021-12-02,142230.0,1235.0,47629199.0,751064.0
702,2021-12-03,151867.0,1465.0,47781066.0,752704.0
703,2021-12-04,67401.0,572.0,47848467.0,753276.0
704,2021-12-05,48953.0,268.0,47897420.0,753544.0
705,2021-12-06,181161.0,1238.0,48078581.0,754829.0
706,2021-12-07,123857.0,1825.0,48202438.0,756654.0
707,2021-12-08,126562.0,1269.0,48329000.0,758108.0
708,2021-12-09,134950.0,1143.0,48463950.0,759251.0
709,2021-12-10,134370.0,1829.0,48598320.0,761231.0
710,2021-12-11,64233.0,490.0,48662553.0,761721.0
711,2021-12-12,49053.0,294.0,48711606.0,762015.0
712,2021-12-13,181764.0,1257.0,48893370.0,763308.0
713,2021-12-14,118734.0,1882.0,49013829.0,765190.0
714,2021-12-15,138980.0,1665.0,49153649.0,767085.0
715,2021-12-16,151663.0,1089.0,49306659.0,768175.0
716,2021-12-17,160892.0,1852.0,49467551.0,770241.0
717,2021-12-18,89395.0,597.0,49556946.0,770838.0
718,2021-12-19,77879.0,266.0,49634825.0,771104.0
719,2021-12-20,246896.0,1346.0,49881721.0,772518.0
720,2021-12-21,187686.0,2227.0,50069407.0,774760.0
721,2021-12-22,227703.0,1541.0,50297110.0,776577.0
722,2021-12-23,256022.0,996.0,50553753.0,779736.0
723,2021-12-24,241513.0,1355.0,50795266.0,781091.0
724,2021-12-25,133088.0,267.0,50928354.0,781358.0
725,2021-12-26,155209.0,239.0,51083563.0,781597.0
726,2021-12-27,422385.0,1621.0,51505948.0,783542.0
727,2021-12-28,360253.0,2084.0,51866201.0,785626.0
728,2021-12-29,455803.0,1537.0,52322004.0,787395.0
729,2021-12-30,557592.0,1302.0,52879596.0,788697.0
730,2021-12-31,469704.0,1335.0,53349300.0,790032.0
731,2022-01-01,303427.0,433.0,53652727.0,790465.0
732,2022-01-02,306948.0,306.0,53959675.0,790771.0
733,2022-01-03,873703.0,1452.0,54833378.0,792395.0
734,2022-01-04,690348.0,2751.0,55523726.0,795146.0
735,2022-01-05,697481.0,1620.0,56221207.0,796931.0
736,2022-01-06,764809.0,1998.0,56986016.0,798929.0
737,2022-01-07,867858.0,2341.0,57853874.0,801406.0
738,2022-01-08,449198.0,869.0,58303072.0,802275.0
739,2022-01-09,369858.0,599.0,58672930.0,802874.0
740,2022-01-10,1235521.0,1802.0,59908451.0,804676.0
741,2022-01-11,791928.0,3089.0,60700379.0,807765.0
742,2022-01-12,831735.0,2081.0,61532114.0,810128.0
743,2022-01-13,892398.0,2050.0,62424512.0,812178.0
744,2022-01-14,851859.0,2849.0,63322942.0,815167.0
745,2022-01-15,475180.0,1399.0,63798122.0,816566.0
746,2022-01-16,358114.0,709.0,64156236.0,817275.0
747,2022-01-17,956196.0,1224.0,65112432.0,818499.0
748,2022-01-18,852152.0,2509.0,65964584.0,821008.0
749,2022-01-19,775345.0,2750.0,66739929.0,824166.0
750,2022-01-20,767762.0,2780.0,67507691.0,826946.0
751,2022-01-21,778130.0,3800.0,68285821.0,830825.0
752,2022-01-22,334931.0,1260.0,68620752.0,832085.0
753,2022-01-23,291132.0,808.0,68911884.0,832893.0
754,2022-01-24,1004031.0,2587.0,69915915.0,835480.0
755,2022-01-25,492973.0,3417.0,70408888.0,838897.0
756,2022-01-26,542492.0,3031.0,70951380.0,842196.0
757,2022-01-27,567678.0,2769.0,71519058.0,844965.0
758,2022-01-28,526276.0,3520.0,72045334.0,848606.0
759,2022-01-29,224041.0,1543.0,72269375.0,850149.0
760,2022-01-30,151980.0,799.0,72421355.0,850948.0
761,2022-01-31,571752.0,2557.0,72993107.0,853576.0
762,2022-02-01,296863.0,4133.0,73289970.0,857709.0
763,2022-02-02,303127.0,3109.0,73593097.0,860818.0
764,2022-02-03,349511.0,2659.0,73942608.0,863477.0
765,2022-02-04,268148.0,3412.0,74224337.0,866889.0
766,2022-02-05,105884.0,1266.0,74330221.0,868155.0
767,2022-02-06,93097.0,615.0,74423318.0,868770.0
768,2022-02-07,293776.0,3145.0,74727594.0,871915.0
769,2022-02-08,197003.0,3694.0,74924597.0,875609.0
770,2022-02-09,194149.0,2944.0,75118746.0,878553.0
771,2022-02-10,166484.0,2543.0,75285230.0,881096.0
772,2022-02-11,155554.0,2906.0,75440784.0,884002.0
773,2022-02-12,68978.0,986.0,75509762.0,884988.0
774,2022-02-13,45559.0,666.0,75555321.0,885654.0
775,2022-02-14,173739.0,2867.0,75729060.0,888521.0
776,2022-02-15,108373.0,3003.0,75837433.0,891886.0
777,2022-02-16,105547.0,2649.0,75942980.0,894535.0
778,2022-02-17,98798.0,2264.0,76041778.0,896799.0
779,2022-02-18,103932.0,2319.0,76146386.0,899118.0
780,2022-02-19,41768.0,725.0,76188154.0,899843.0
781,2022-02-20,29518.0,551.0,76217672.0,900394.0
782,2022-02-21,47961.0,1074.0,76265633.0,901468.0
783,2022-02-22,115069.0,3248.0,76380702.0,904716.0
784,2022-02-23,73235.0,2576.0,76453937.0,907292.0
785,2022-02-24,74056.0,2446.0,76527993.0,909738.0
786,2022-02-25,75095.0,2346.0,76603088.0,912084.0
787,2022-02-26,26249.0,580.0,76629337.0,912664.0
788,2022-02-27,16373.0,335.0,76645710.0,912999.0
789,2022-02-28,71582.0,2181.0,76721814.0,915180.0
790,2022-03-01,42000.0,1956.0,76785666.0,917136.0
791,2022-03-02,52348.0,1758.0,76838014.0,918656.0
792,2022-03-03,51202.0,1355.0,76889216.0,920011.0
793,2022-03-04,42787.0,1567.0,76933753.0,921578.0
794,2022-03-05,14713.0,325.0,76948466.0,921903.0
795,2022-03-06,6983.0,339.0,76955449.0,922242.0
796,2022-03-07,55164.0,1504.0,77012824.0,923746.0
797,2022-03-08,29794.0,1743.0,77043590.0,925489.0
798,2022-03-09,45476.0,1967.0,77089996.0,927456.0
799,2022-03-10,38718.0,1259.0,77128714.0,928715.0
800,2022-03-11,36892.0,1438.0,77165710.0,930153.0
801,2022-03-12,12370.0,508.0,77178080.0,930661.0
802,2022-03-13,7600.0,180.0,77185680.0,930841.0
803,2022-03-14,37513.0,1318.0,77245848.0,928380.0
804,2022-03-15,23851.0,1407.0,77269699.0,929787.0
805,2022-03-16,37418.0,1488.0,77307117.0,931275.0
806,2022-03-17,32672.0,1054.0,77339789.0,932329.0
807,2022-03-18,30322.0,967.0,77370936.0,933296.0
808,2022-03-19,10108.0,201.0,77381044.0,933497.0
809,2022-03-20,8023.0,152.0,77389067.0,933649.0
810,2022-03-21,38317.0,772.0,77427384.0,934421.0
811,2022-03-22,23681.0,919.0,77451065.0,935340.0
812,2022-03-23,34662.0,1248.0,77495370.0,936588.0
813,2022-03-24,31838.0,892.0,77530547.0,937480.0
814,2022-03-25,27804.0,771.0,77559376.0,938251.0
815,2022-03-26,10044.0,180.0,77572505.0,938431.0
816,2022-03-27,7565.0,88.0,77580070.0,938519.0
817,2022-03-28,31942.0,685.0,77612012.0,939204.0
818,2022-03-29,20755.0,730.0,77634718.0,939934.0
819,2022-03-30,37177.0,1173.0,77680958.0,941107.0
820,2022-03-31,33883.0,707.0,77720577.0,941814.0
821,2022-04-01,27638.0,585.0,77749073.0,942399.0
822,2022-04-02,10585.0,148.0,77760754.0,942547.0
823,2022-04-03,7368.0,115.0,77768122.0,942662.0
824,2022-04-04,26620.0,355.0,77794742.0,943017.0
825,2022-04-05,31720.0,650.0,77826462.0,943535.0
826,2022-04-06,41028.0,940.0,77867490.0,944475.0
827,2022-04-07,31803.0,522.0,77899996.0,944997.0
828,2022-04-08,42009.0,878.0,77943628.0,945875.0
829,2022-04-09,14391.0,147.0,77958639.0,946022.0
830,2022-04-10,12498.0,66.0,77971137.0,946088.0
831,2022-04-11,33669.0,324.0,78004931.0,946412.0
832,2022-04-12,26112.0,430.0,78031467.0,947144.0
833,2022-04-13,44359.0,608.0,78076410.0,947752.0
834,2022-04-14,61413.0,569.0,78138382.0,948458.0
835,2022-04-15,44069.0,532.0,78182451.0,948990.0
836,2022-04-16,16824.0,49.0,78199275.0,949039.0
837,2022-04-17,16906.0,47.0,78216181.0,949086.0
838,2022-04-18,35261.0,365.0,78251442.0,949451.0
839,2022-04-19,50912.0,424.0,78302354.0,949873.0
840,2022-04-20,57626.0,538.0,78359980.0,950411.0
841,2022-04-21,50242.0,480.0,78410222.0,951069.0
842,2022-04-22,70592.0,544.0,78482061.0,951386.0
843,2022-04-23,27452.0,72.0,78509995.0,951458.0
844,2022-04-24,19720.0,55.0,78529715.0,951513.0
845,2022-04-25,50692.0,192.0,78581707.0,951742.0
846,2022-04-26,62626.0,360.0,78644333.0,952122.0
847,2022-04-27,76527.0,728.0,78721551.0,952850.0
848,2022-04-28,62055.0,282.0,78784855.0,953132.0
849,2022-04-29,86220.0,480.0,78871075.0,953612.0
850,2022-04-30,31142.0,96.0,78902217.0,953708.0
851,2022-05-01,24000.0,129.0,78926217.0,953837.0
852,2022-05-02,62260.0,185.0,78989544.0,954022.0
853,2022-05-03,72070.0,643.0,79061614.0,954665.0
854,2022-05-04,101032.0,808.0,79162646.0,955473.0
855,2022-05-05,81307.0,297.0,79243953.0,955770.0
856,2022-05-06,102585.0,488.0,79346538.0,956258.0
857,2022-05-07,33151.0,65.0,79379689.0,956323.0
858,2022-05-08,19133.0,59.0,79398822.0,956382.0
859,2022-05-09,106748.0,181.0,79505570.0,956563.0
860,2022-05-10,97352.0,386.0,79602922.0,956949.0
861,2022-05-11,127097.0,571.0,79730019.0,957520.0
862,2022-05-12,100763.0,263.0,79830782.0,957783.0
863,2022-05-13,121570.0,433.0,79954525.0,958216.0
864,2022-05-14,33501.0,82.0,79988026.0,958298.0
865,2022-05-15,43508.0,58.0,80031534.0,958356.0
866,2022-05-16,114523.0,221.0,80154679.0,958577.0
867,2022-05-17,124229.0,364.0,80278908.0,958941.0
868,2022-05-18,145870.0,608.0,80424778.0,959549.0
869,2022-05-19,112039.0,250.0,80536817.0,959799.0
870,2022-05-20,157304.0,481.0,80694121.0,960280.0
871,2022-05-21,41370.0,107.0,80735491.0,960387.0
872,2022-05-22,36508.0,68.0,80771999.0,960455.0
873,2022-05-23,109747.0,219.0,80881746.0,960828.0
874,2022-05-24,129960.0,465.0,81011706.0,961293.0
875,2022-05-25,156271.0,704.0,81167977.0,961997.0
876,2022-05-26,113176.0,315.0,81281153.0,962312.0
877,2022-05-27,153263.0,448.0,81434416.0,962893.0
878,2022-05-28,41366.0,99.0,81475782.0,962992.0
879,2022-05-29,29437.0,50.0,81505219.0,963042.0
880,2022-05-30,54643.0,82.0,81559862.0,963124.0
881,2022-05-31,155168.0,353.0,81715030.0,963477.0
882,2022-06-01,140135.0,572.0,81855165.0,964049.0
883,2022-06-02,111759.0,355.0,81966924.0,964404.0
884,2022-06-03,146857.0,463.0,82113781.0,964867.0
885,2022-06-04,52832.0,93.0,82166613.0,964960.0
886,2022-06-05,37984.0,116.0,82204597.0,965076.0
887,2022-06-06,98722.0,275.0,82303319.0,965351.0
888,2022-06-07,148431.0,452.0,82451750.0,965813.0
889,2022-06-08,148324.0,650.0,82600074.0,966463.0
890,2022-06-09,106375.0,252.0,82706449.0,966715.0
891,2022-06-10,151580.0,391.0,82858029.0,967106.0
892,2022-06-11,40598.0,150.0,82898627.0,967256.0
893,2022-06-12,34158.0,85.0,82932785.0,967341.0
894,2022-06-13,91329.0,270.0,83024114.0,967599.0
895,2022-06-14,135405.0,402.0,83159519.0,968001.0
896,2022-06-15,144115.0,555.0,83303634.0,968556.0
897,2022-06-16,98452.0,297.0,83402086.0,968853.0
898,2022-06-17,129200.0,398.0,83531286.0,969251.0
899,2022-06-18,38723.0,106.0,83570009.0,969357.0
900,2022-06-19,33420.0,113.0,83603429.0,969470.0
901,2022-06-20,52054.0,145.0,83655483.0,969615.0
902,2022-06-21,184839.0,510.0,83840322.0,970125.0
903,2022-06-22,132691.0,612.0,83973013.0,970737.0
904,2022-06-23,104031.0,497.0,84077044.0,971234.0
905,2022-06-24,167937.0,466.0,84244981.0,971741.0
906,2022-06-25,48232.0,113.0,84293213.0,971854.0
907,2022-06-26,37892.0,73.0,84331105.0,971927.0
908,2022-06-27,95608.0,274.0,84426713.0,972201.0
909,2022-06-28,152460.0,596.0,84579173.0,972797.0
910,2022-06-29,148309.0,574.0,84727482.0,973371.0
911,2022-06-30,113210.0,472.0,84840692.0,973843.0
912,2022-07-01,172882.0,544.0,85016263.0,974387.0
913,2022-07-02,48823.0,124.0,85065086.0,974511.0
914,2022-07-03,34778.0,78.0,85099864.0,974589.0
915,2022-07-04,48084.0,132.0,85147948.0,974721.0
916,2022-07-05,168055.0,458.0,85316003.0,975179.0
917,2022-07-06,141238.0,593.0,85457241.0,975772.0
918,2022-07-07,116359.0,482.0,85573600.0,976254.0
919,2022-07-08,177420.0,534.0,85751020.0,976788.0
920,2022-07-09,54610.0,114.0,85805630.0,976902.0
921,2022-07-10,45957.0,104.0,85851587.0,977006.0
922,2022-07-11,118913.0,284.0,85970500.0,977290.0
923,2022-07-12,181486.0,653.0,86151986.0,977943.0
924,2022-07-13,152779.0,706.0,86304765.0,978649.0
925,2022-07-14,137454.0,458.0,86442219.0,979107.0
926,2022-07-15,187924.0,473.0,86630143.0,979580.0
927,2022-07-16,55219.0,152.0,86685362.0,979732.0
928,2022-07-17,45192.0,156.0,86730554.0,979888.0
929,2022-07-18,105796.0,339.0,86836350.0,980227.0
930,2022-07-19,174565.0,700.0,87010915.0,980927.0
931,2022-07-20,157933.0,661.0,87168848.0,981588.0
932,2022-07-21,146939.0,488.0,87315787.0,982076.0
933,2022-07-22,185062.0,631.0,87525159.0,982707.0
934,2022-07-23,52999.0,160.0,87578158.0,982867.0
935,2022-07-24,44372.0,159.0,87622530.0,983026.0
936,2022-07-25,110320.0,276.0,87732850.0,983302.0
937,2022-07-26,165322.0,619.0,87898172.0,983921.0
938,2022-07-27,158900.0,681.0,88057072.0,984602.0
939,2022-07-28,143344.0,501.0,88200416.0,985103.0
940,2022-07-29,170478.0,640.0,88463032.0,985743.0
941,2022-07-30,37736.0,131.0,88500768.0,985874.0
942,2022-07-31,29472.0,102.0,88530240.0,985976.0
943,2022-08-01,123284.0,404.0,88653524.0,986380.0
944,2022-08-02,157192.0,686.0,88810716.0,987066.0
945,2022-08-03,148668.0,699.0,88959384.0,987765.0
946,2022-08-04,132013.0,546.0,89091397.0,988311.0
947,2022-08-05,153049.0,605.0,89244446.0,988916.0
948,2022-08-06,33459.0,147.0,89277905.0,989063.0
949,2022-08-07,26739.0,115.0,89304644.0,989178.0
950,2022-08-08,103436.0,314.0,89408080.0,989492.0
951,2022-08-09,133815.0,780.0,89541895.0,990272.0
952,2022-08-10,137249.0,801.0,89679144.0,991038.0
953,2022-08-11,125313.0,569.0,89804457.0,991607.0
954,2022-08-12,139100.0,668.0,89943557.0,992275.0
955,2022-08-13,30823.0,116.0,89974380.0,992391.0
956,2022-08-14,21349.0,112.0,89995729.0,992503.0
957,2022-08-15,96180.0,315.0,90091909.0,992818.0
958,2022-08-16,124289.0,722.0,90216198.0,993540.0
959,2022-08-17,119235.0,746.0,90335433.0,994285.0
960,2022-08-18,113589.0,516.0,90449022.0,994801.0
961,2022-08-19,128421.0,600.0,90583545.0,995401.0
962,2022-08-20,27009.0,121.0,90610554.0,995522.0
963,2022-08-21,21653.0,94.0,90632207.0,995616.0
964,2022-08-22,85282.0,297.0,90717489.0,995913.0
965,2022-08-23,113367.0,655.0,90830856.0,996568.0
966,2022-08-24,129358.0,743.0,90960214.0,997311.0
967,2022-08-25,110591.0,521.0,91070805.0,997832.0
968,2022-08-26,114419.0,642.0,91185224.0,998474.0
969,2022-08-27,28010.0,127.0,91213234.0,998601.0
970,2022-08-28,20521.0,77.0,91233755.0,998678.0
971,2022-08-29,85037.0,278.0,91318792.0,998956.0
972,2022-08-30,113715.0,596.0,91432507.0,999552.0
973,2022-08-31,119296.0,739.0,91551803.0,1000382.0
974,2022-09-01,103514.0,470.0,91655317.0,1000852.0
975,2022-09-02,107155.0,487.0,91762472.0,1001366.0
976,2022-09-03,23473.0,74.0,91785945.0,1001440.0
977,2022-09-04,18516.0,61.0,91804461.0,1001501.0
978,2022-09-05,25041.0,101.0,91829502.0,1001602.0
979,2022-09-06,117514.0,503.0,91947016.0,1002105.0
980,2022-09-07,88923.0,641.0,92035939.0,1002746.0
981,2022-09-08,87686.0,425.0,92123625.0,1003171.0
982,2022-09-09,81861.0,544.0,92205486.0,1003715.0
983,2022-09-10,19715.0,51.0,92225201.0,1003766.0
984,2022-09-11,16742.0,10.0,92241943.0,1003776.0
985,2022-09-12,60728.0,213.0,92302671.0,1003989.0
986,2022-09-13,54413.0,460.0,92357092.0,1004449.0
987,2022-09-14,83403.0,705.0,92440495.0,1005195.0
